,CellTypeC,CellTypeB,CellTypeA
mean_augur_score,0.943514739229025,0.8568934240362812,0.6810544217687076
mean_auc,0.943514739229025,0.8568934240362812,0.6810544217687076
mean_accuracy,0.7975091575091575,0.7191941391941391,0.5969597069597069
mean_precision,0.8517386502386504,0.7903056758056758,0.6493839123839125
mean_f1,0.7812093684895542,0.6897716642948842,0.531527133742304
mean_recall,0.799047619047619,0.7044444444444444,0.5312698412698412
