,CellTypeC,CellTypeB,CellTypeA
mean_augur_score,0.964920634920635,0.8658276643990931,0.6526757369614512
mean_auc,0.964920634920635,0.8658276643990931,0.6526757369614512
mean_accuracy,0.8311721611721612,0.716849816849817,0.5884615384615385
mean_precision,0.9251637436637437,0.7928010693010692,0.6150001665001665
mean_f1,0.8040471217235923,0.6763230322595648,0.5571611808670633
mean_recall,0.7658730158730158,0.6895238095238095,0.6082539682539683
