,CellTypeC,CellTypeB,CellTypeA
mean_augur_score,0.9495918367346939,0.8645238095238096,0.6824376417233559
mean_auc,0.9495918367346939,0.8645238095238096,0.6824376417233559
mean_accuracy,0.797032967032967,0.7252747252747253,0.5916849816849817
mean_precision,0.8570930735930736,0.8037200947200948,0.6553450438450439
mean_f1,0.7685340980542219,0.6853528970742593,0.5281172513989851
mean_recall,0.7665079365079365,0.6812698412698412,0.5466666666666665
