"","cell_type","auc"
"1","CellTypeC",0.941967120181406
"2","CellTypeB",0.851095993953137
"3","CellTypeA",0.67292328042328
