"","cell_type","auc"
"1","CellTypeC",0.943614890400605
"2","CellTypeB",0.848990929705215
"3","CellTypeA",0.688801965230537
