"","cell_type","auc"
"1","CellTypeC",0.948348450491308
"2","CellTypeB",0.852106953892668
"3","CellTypeA",0.649712773998488
