"","cell_type","auc"
"1","CellTypeC",0.942622826908541
"2","CellTypeB",0.854816704459562
"3","CellTypeA",0.669829931972789
