"","cell_type","auc"
"1","CellTypeC",0.93511148904006
"2","CellTypeB",0.845767195767196
"3","CellTypeA",0.69104686318972
