"","cell_type","auc"
"1","CellTypeC",0.942577475434618
"2","CellTypeB",0.883066893424036
"3","CellTypeA",0.68849395313681
