"","cell_type","auc"
"1","CellTypeC",0.944083522297808
"2","CellTypeB",0.862755102040816
"3","CellTypeA",0.672339380196523
