"","cell_type","auc"
"1","CellTypeC",0.936320861678005
"2","CellTypeB",0.870017006802721
"3","CellTypeA",0.679232804232804
