"","cell_type","auc"
"1","CellTypeC",0.941455026455026
"2","CellTypeB",0.853707482993197
"3","CellTypeA",0.676245275888133
