,CellTypeC,CellTypeB,CellTypeA
mean_augur_score,0.937721088435374,0.8474489795918368,0.6687755102040817
mean_auc,0.937721088435374,0.8474489795918368,0.6687755102040817
mean_accuracy,0.7987912087912089,0.7246520146520148,0.5885714285714285
mean_precision,0.8475867835867835,0.7881777666777667,0.6382409442409442
mean_f1,0.7734889199780841,0.6929494097806793,0.4937354622788058
mean_recall,0.7865079365079366,0.7049206349206348,0.49476190476190474
