,CellTypeC,CellTypeB,CellTypeA
mean_augur_score,0.955374149659864,0.8399659863945577,0.6790589569160999
mean_auc,0.955374149659864,0.8399659863945577,0.6790589569160999
mean_accuracy,0.8080586080586081,0.7015018315018315,0.5957509157509158
mean_precision,0.8897583342583342,0.7856436156436156,0.6419805194805194
mean_f1,0.7726714835445486,0.6623327533606173,0.49812688836218244
mean_recall,0.7407936507936508,0.680793650793651,0.4888888888888889
