,CellTypeC,CellTypeB,CellTypeA
mean_augur_score,0.9986054421768708,0.9629138321995464,0.6840249433106577
mean_auc,0.9986054421768708,0.9629138321995464,0.6840249433106577
mean_accuracy,0.9606959706959708,0.86007326007326,0.6007692307692307
mean_precision,0.9687698412698412,0.8966962481962482,0.6538400673400673
mean_f1,0.9593676160440867,0.8411580097462451,0.5287374948179902
mean_recall,0.9611111111111111,0.8312698412698413,0.5147619047619048
