"","cell_type","auc"
"1","CellTypeC",0.936515495086924
"2","CellTypeB",0.858949357520786
"3","CellTypeA",0.678913454270597
