,CellTypeC,CellTypeB,CellTypeA
mean_augur_score,0.9994104308390023,0.9669160997732427,0.703219954648526
mean_auc,0.9994104308390023,0.9669160997732427,0.703219954648526
mean_accuracy,0.9715018315018316,0.8308791208791209,0.6242490842490842
mean_precision,0.9773148148148149,0.9003970658970658,0.6480404040404041
mean_f1,0.9702032412032412,0.8028867649951242,0.5728762666069167
mean_recall,0.9704761904761904,0.7842857142857141,0.586031746031746
