"","cell_type","auc"
"1","CellTypeC",0.935952380952381
"2","CellTypeB",0.873960695389267
"3","CellTypeA",0.662301587301587
