"","cell_type","auc"
"1","CellTypeC",0.953828420256992
"2","CellTypeB",0.855582010582011
"3","CellTypeA",0.653138699924414
