"","cell_type","auc"
"1","CellTypeC",0.937896825396825
"2","CellTypeB",0.864979213907785
"3","CellTypeA",0.670878684807256
