"","cell_type","auc"
"1","CellTypeC",0.950827664399093
"2","CellTypeB",0.847411186696901
"3","CellTypeA",0.666693121693122
