"","cell_type","auc"
"1","CellTypeC",0.879465230536659
"2","CellTypeB",0.746725245653817
"3","CellTypeA",0.553537414965986
