,CellTypeC,CellTypeB,CellTypeA
mean_augur_score,0.9977437641723356,0.9618027210884353,0.7264739229024942
mean_auc,0.9977437641723356,0.9618027210884353,0.7264739229024942
mean_accuracy,0.9570329670329671,0.8398534798534798,0.6254578754578755
mean_precision,0.9667037037037036,0.8918287638287639,0.6763554963554964
mean_f1,0.9552101427983782,0.8274838555550629,0.5677896671039087
mean_recall,0.9546031746031746,0.822063492063492,0.5666666666666667
