"","cell_type","auc"
"1","CellTypeC",0.954295162509448
"2","CellTypeB",0.876715797430083
"3","CellTypeA",0.650971277399849
