"","cell_type","auc"
"1","CellTypeC",0.941284958427816
"2","CellTypeB",0.857883597883598
"3","CellTypeA",0.675183295540438
