"","cell_type","auc"
"1","CellTypeC",0.945272108843537
"2","CellTypeB",0.865937263794407
"3","CellTypeA",0.681719576719577
