"","cell_type","auc"
"1","CellTypeC",0.941763038548753
"2","CellTypeB",0.846122448979592
"3","CellTypeA",0.675752078609221
