"","cell_type","auc"
"1","CellTypeC",0.941105442176871
"2","CellTypeB",0.855731292517007
"3","CellTypeA",0.659315948601663
