,CellTypeC,CellTypeB,CellTypeA
mean_augur_score,0.9397392290249433,0.8491723356009071,0.636156462585034
mean_auc,0.9397392290249433,0.8491723356009071,0.636156462585034
mean_accuracy,0.7883150183150184,0.7203296703296703,0.56003663003663
mean_precision,0.8885180005180006,0.7756038036038037,0.591540404040404
mean_f1,0.7479677168376857,0.6877232404105469,0.4725058167952904
mean_recall,0.7168253968253968,0.6953968253968253,0.4847619047619047
