"","cell_type","auc"
"1","CellTypeC",0.939049508692366
"2","CellTypeB",0.876201814058957
"3","CellTypeA",0.65962962962963
