,CellTypeA,CellTypeB,CellTypeC
mean_augur_score,0.6101247165532879,0.9597732426303854,0.9983900226757371
mean_auc,0.6101247165532879,0.9597732426303854,0.9983900226757371
mean_accuracy,0.5556043956043955,0.8473626373626373,0.9527472527472527
mean_precision,0.5796840566840568,0.9053838383838385,0.9622460317460317
mean_f1,0.4599760313073006,0.8339153210623799,0.9518052406829497
mean_recall,0.45825396825396825,0.8144444444444444,0.9539682539682539
