,CellTypeC,CellTypeB,CellTypeA
mean_augur_score,0.9988321995464853,0.9666553287981859,0.7269501133786846
mean_auc,0.9988321995464853,0.9666553287981859,0.7269501133786846
mean_accuracy,0.9576556776556778,0.841062271062271,0.6305860805860806
mean_precision,0.9635016835016834,0.9270050875050875,0.7131641876641877
mean_f1,0.9572838642838645,0.8119135767912858,0.5609266777254392
mean_recall,0.9614285714285714,0.7685714285714286,0.550952380952381
