,CellTypeC,CellTypeB,CellTypeA
mean_augur_score,0.9983333333333334,0.9579024943310658,0.7150907029478458
mean_auc,0.9983333333333334,0.9579024943310658,0.7150907029478458
mean_accuracy,0.9503296703296702,0.8426739926739927,0.6210622710622711
mean_precision,0.9501392496392497,0.895497113997114,0.6751673511673514
mean_f1,0.9513239549121902,0.8227073046778928,0.5448593162370252
mean_recall,0.9622222222222221,0.8112698412698411,0.5382539682539683
