,CellTypeC,CellTypeB,CellTypeA
mean_augur_score,0.9988548752834467,0.9648866213151929,0.7316326530612244
mean_auc,0.9988548752834467,0.9648866213151929,0.7316326530612244
mean_accuracy,0.9615384615384616,0.8544322344322343,0.6245054945054945
mean_precision,0.9629672919672919,0.9014735449735448,0.6832746142746144
mean_f1,0.9626708498473203,0.8309087927323222,0.5523799705053576
mean_recall,0.9704761904761905,0.8174603174603174,0.5347619047619048
