"","cell_type","auc"
"1","CellTypeC",0.934724111866969
"2","CellTypeB",0.872913832199546
"3","CellTypeA",0.667700302343159
