,CellTypeC,CellTypeB,CellTypeA
mean_augur_score,0.9401473922902494,0.8519614512471656,0.6583219954648527
mean_auc,0.9401473922902494,0.8519614512471656,0.6583219954648527
mean_accuracy,0.7908424908424908,0.7134065934065934,0.5861904761904762
mean_precision,0.8308550153550152,0.7918966218966219,0.6611490731490731
mean_f1,0.7827555768964437,0.667119072820311,0.5303333190144336
mean_recall,0.811904761904762,0.6725396825396825,0.5315873015873016
