,CellTypeA,CellTypeB,CellTypeC
mean_augur_score,0.5632086167800454,0.8180045351473921,0.9268480725623585
mean_auc,0.5632086167800454,0.8180045351473921,0.9268480725623585
mean_accuracy,0.5245054945054946,0.6830402930402931,0.7800366300366299
mean_precision,0.4972194657194657,0.7433667628667628,0.842485125985126
mean_f1,0.422229602125887,0.6353819626079688,0.7527788262648943
mean_recall,0.436031746031746,0.6501587301587302,0.7477777777777775
