"","cell_type","auc"
"1","CellTypeC",0.933248299319728
"2","CellTypeB",0.851107331821618
"3","CellTypeA",0.661793272864701
