"","cell_type","auc"
"1","CellTypeC",0.944569160997732
"2","CellTypeB",0.848359788359788
"3","CellTypeA",0.687944066515495
