"","cell_type","auc"
"1","CellTypeC",0.934982993197279
"2","CellTypeB",0.838359788359788
"3","CellTypeA",0.658486394557823
