"","cell_type","auc"
"1","CellTypeC",0.949297052154195
"2","CellTypeB",0.85092970521542
"3","CellTypeA",0.648210506424792
