"","cell_type","auc"
"1","CellTypeC",0.945219198790627
"2","CellTypeB",0.86245275888133
"3","CellTypeA",0.679349962207105
