"","cell_type","auc"
"1","CellTypeC",0.936628873771731
"2","CellTypeB",0.854552154195011
"3","CellTypeA",0.641196145124717
