"","cell_type","auc"
"1","CellTypeC",0.940187074829932
"2","CellTypeB",0.846615646258503
"3","CellTypeA",0.682507558578987
