"","cell_type","auc"
"1","CellTypeC",0.955209750566893
"2","CellTypeB",0.851900982615268
"3","CellTypeA",0.665846560846561
