"","cell_type","auc"
"1","CellTypeC",0.954162887377173
"2","CellTypeB",0.848681027966742
"3","CellTypeA",0.657819349962207
