"","cell_type","auc"
"1","CellTypeC",0.935285336356765
"2","CellTypeB",0.847745653817082
"3","CellTypeA",0.6563529856387
