,CellTypeC,CellTypeB,CellTypeA
mean_augur_score,0.9415079365079364,0.8309977324263036,0.6788321995464852
mean_auc,0.9415079365079364,0.8309977324263036,0.6788321995464852
mean_accuracy,0.7935164835164835,0.6982417582417583,0.597032967032967
mean_precision,0.8602186517186518,0.7595759980759981,0.6490541495541495
mean_f1,0.7615378277839578,0.653567550784269,0.5178355535073801
mean_recall,0.7541269841269842,0.6673015873015874,0.5247619047619048
